Activation Status,Deactivation Date,SalesForceID,RetailerAcc,TerminalID,Activation Date,SubscriberID,ESN,HEXESN,Phone Number,Base Plan,Brand,HandsetModelNumber,Door Type,1st MRC Payment,1st Payment %,1st Payment Commission,2nd MRC Payment,Days Since Activation,2nd Payment %,2nd Payment Commission,3rd MRC Payment,3rd Payment %,3rd Payment Commission,4th MRC Payment,4th Payment %,4th Payment Commission,5th MRC Payment,5th Payment %,5th Payment Commission,6th MRC Payment,6th Payment %,6th Payment Commission,7th MRC Payment,7th Payment %,7th Payment Commission,8th MRC Payment,8th Payment %,8th Payment Commission,Total Commissions to Date,Adjusted Reason
Active,,0013000000HnF9fAAF,451250,605373,07/21/2023,102e9f1b-1673-4fed-ad6a-dd3f86e313e3,"=""089558312500557127""","=""35618395088047""",555-396-1731,$15 Unlimited Talk & Text + 2GB 5G/4G Data (TI),Virgin,PDF318BSOAN1,1,07/21/2023,20.00%,$3.00,,,,,,,,,,,,,,,,,,,,,,,$3.00,
Active,,0013000000HnF9fAAF,451250,605373,07/10/2023,37e44203-e872-49e9-9077-8f0a285c950a,"=""089052802408982644""","=""35146118891074""",555-843-9656,$15 Unlimited Talk & Text + 2GB 5G/4G Data (TI),Virgin,194252096734,1,07/10/2023,0.00%,$0.00,08/11/2023,32.0,0.00%,$0.00,09/11/2023,0.00%,$0.00,,,,,,,,,,,,,,,,$0.00,National Retailer Blacklist
Active,,0013000000HnF9fAAF,451250,605373,07/22/2023,7b6719c7-a682-4d91-a1d2-d7897b0bc94d,"=""089575541606367634""","=""35642498612992""",555-743-2222,$15 Unlimited Talk & Text + 2GB 5G/4G Data (TI),Virgin,SPHA136U4ANB,1,07/22/2023,20.00%,$3.00,08/22/2023,31.0,20.00%,$4.00,,,,,,,,,,,,,,,,,,,$7.00,
Active,,0013000000HnF9fAAF,451250,605373,07/10/2023,b17707d7-b5d8-4e0c-8578-fdaa26269538,"=""089188097707345284""","=""35290611701484""",555-615-5061,$15 Unlimited Talk & Text + 2GB 5G/4G Data (TI),Virgin,BYOIPHONE11RED64,1,07/11/2023,20.00%,$3.00,08/11/2023,32.0,20.00%,$3.00,,,,,,,,,,,,,,,,,,,$6.00,
Active,,0013000000HnF9fAAF,451250,605373,07/03/2023,88b66a8f-ef2d-4dc4-89ff-df2165b9071c,"=""089549808201651268""","=""35603762193244""",555-381-3368,$25 Unlimited Talk & Text + 5GB 5G/4G Data (TI),Virgin,MOXT22133ANB,1,07/03/2023,20.00%,$5.00,08/03/2023,31.0,20.00%,$5.00,09/04/2023,20.00%,$5.00,,,,,,,,,,,,,,,,$15.00,
Active,,0013000000HnF9fAAF,451250,605373,07/26/2023,a0391d36-83e5-4b75-a919-a594b4df8208,"=""225248205301145185""","=""86422605117961""",555-971-7311,$25 Unlimited Talk & Text + 5GB 5G/4G Data (TI),Virgin,BYOU318AA,1,07/27/2023,20.00%,$5.00,,,,,,,,,,,,,,,,,,,,,,,$5.00,
Active,,0013000000HnF9fAAF,451250,605373,07/20/2023,40246774-3c7f-4aa3-8ce6-d6d9b48906e0,"=""089296667207607865""","=""35399710741639""",555-929-2716,$25 Unlimited Talk & Text + 5GB 5G/4G Data (TI),Virgin,BYOIPH11GLOWT64,1,07/20/2023,20.00%,$5.00,08/24/2023,35.0,20.00%,$5.00,,,,,,,,,,,,,,,,,,,$10.00,
Active,,0013000000HnF9fAAF,451250,605373,07/12/2023,075d6789-6531-49c9-be0f-39b76c908775,"=""002316492800200834""","=""01617800031082""",555-370-6742,$30 UNL TLK TXT + 10GB 5G/4G Data + HS (TI),Virgin,TCL9132SANB,1,08/12/2023,20.00%,$6.00,,,,,,,,,,,,,,,,,,,,,,,$6.00,
Active,,0013000000HnF9fAAF,451250,605373,07/18/2023,655c8938-6b33-440e-9f18-21ac121612a7,"=""002316492800206133""","=""01617800032535""",555-473-2957,$30 UNL TLK TXT + 10GB 5G/4G Data + HS (TI),Virgin,TCL9132SANB,1,07/18/2023,20.00%,$6.00,,,,,,,,,,,,,,,,,,,,,,,$6.00,
Active,,0013000000HnF9fAAF,451250,605373,07/11/2023,133778a3-e86d-41a0-8bff-2b40daf49202,"=""002316492800136295""","=""01617800021467""",555-615-6046,$30 UNL TLK TXT + 10GB 5G/4G Data + HS (TI),Virgin,TCL9132SANB,1,07/12/2023,20.00%,$6.00,,,,,,,,,,,,,,,,,,,,,,,$6.00,
Active,,0013000000HnF9fAAF,451250,605373,07/14/2023,b02cb7b9-fcfa-4eca-94f1-1d2d06a8f38a,"=""002316492800206369""","=""01617800032621""",555-583-9977,$30 UNL TLK TXT + 10GB 5G/4G Data + HS (TI),Virgin,TCL9132SANB,1,07/14/2023,20.00%,$6.00,,,,,,,,,,,,,,,,,,,,,,,$6.00,
Active,,0013000000HnF9fAAF,451250,605373,07/25/2023,6e5b7352-33d8-4edd-865c-133492f99579,"=""089464947401520409""","=""35534482173319""",555-731-2871,$40 Unlimited Talk & Text + 15GB 5G/4G Data (TI),Virgin,MOXT22715ANB,1,07/26/2023,20.00%,$8.00,,,,,,,,,,,,,,,,,,,,,,,$8.00,
Deactivated,09/10/2023,0013000000HnF9fAAF,451250,605373,07/10/2023,194a7c95-5a51-491e-8072-5a8ceffd6dfc,"=""089464947401509701""","=""35534482170945""",555-225-7685,$40 Unlimited Talk & Text + 15GB 5G/4G Data (TI),Virgin,MOXT22715ANB,1,07/10/2023,20.00%,$9.40,,,,,,,,,,,,,,,,,,,,,,,$9.40,
Active,,0013000000HnF9fAAF,451250,605373,07/31/2023,ec833f99-428f-4f18-8d49-e9fc4bb40d02,"=""089464947402106982""","=""35534482202666""",555-991-9229,$40 Unlimited Talk & Text + 15GB 5G/4G Data (TI),Virgin,MOXT22715ANB,1,07/31/2023,20.00%,$9.40,08/31/2023,31.0,20.00%,$8.00,,,,,,,,,,,,,,,,,,,$17.40,
Active,,0013000000HnF9fAAF,451250,605373,07/06/2023,f3e76b51-de98-4ef9-b722-2e08e60cfd1b,"=""089464947401511783""","=""35534482171167""",555-100-4459,"$50 Unlimited Data, Talk & Text + 40GB of 5G/4G Data Each Line for up to 5 Lines (TI)",Virgin,MOXT22715ANB,1,07/07/2023,20.00%,$11.40,08/07/2023,32.0,20.00%,$11.40,,,,,,,,,,,,,,,,,,,$22.80,
Active,,0013000000HnF9fAAF,451250,605373,07/16/2023,f6e48e99-ed97-49d9-b723-269413dfd87e,"=""089464947401520905""","=""35534482173509""",555-297-2482,"$50 Unlimited Data, Talk & Text + 40GB of 5G/4G Data Each Line for up to 5 Lines (TI)",Virgin,MOXT22715ANB,1,07/16/2023,20.00%,$11.40,08/18/2023,33.0,20.00%,$11.40,,,,,,,,,,,,,,,,,,,$22.80,
Active,,0013000000HnF9fAAF,451250,605373,07/02/2023,f9d74a83-8140-4a78-96f6-bed3549336b8,"=""089871342604663591""","=""35914752472927""",555-301-8242,"$50 Unlimited Data, Talk & Text + 40GB of 5G/4G Data Each Line for up to 5 Lines (TI)",Virgin,SPHA236UANB,1,07/02/2023,20.00%,$11.40,08/02/2023,31.0,20.00%,$11.40,09/02/2023,20.00%,$10.00,,,,,,,,,,,,,,,,$32.80,
Active,,0013000000HnF9fAAF,451250,605373,07/08/2023,fbdc0d48-3071-4c31-bea8-965acab6b274,"=""089464947401511682""","=""35534482171102""",555-497-4599,"$50 Unlimited Data, Talk & Text + 40GB of 5G/4G Data Each Line for up to 5 Lines (TI)",Virgin,MOXT22715ANB,1,07/09/2023,20.00%,$11.40,08/09/2023,32.0,20.00%,$11.40,,,,,,,,,,,,,,,,,,,$22.80,
Active,,0013000000HnF9fAAF,451250,605373,07/19/2023,fe675aaf-7941-4575-a056-7ede77dc7f2f,"=""089871342605386528""","=""35914752523120""",555-254-9860,"$50 Unlimited Data, Talk & Text + 40GB of 5G/4G Data Each Line for up to 5 Lines (TI)",Virgin,SPHA236UANB,1,07/20/2023,20.00%,$11.40,08/20/2023,32.0,20.00%,$8.00,,,,,,,,,,,,,,,,,,,$19.40,
Deactivated,09/08/2023,0013000000HnF9fAAF,451250,605373,07/08/2023,b2cea050-399c-477e-b3b5-0da0d13ab45c,"=""089266674102134581""","=""35350375209235""",555-344-8724,"$50 Unlimited Data, Talk & Text + 40GB of 5G/4G Data Each Line for up to 5 Lines (TI)",Virgin,RNWBT1264BK1,1,07/08/2023,20.00%,$11.40,,,,,,,,,,,,,,,,,,,,,,,$11.40,
Active,,0013000000HnF9fAAF,451250,605373,07/25/2023,b46fac33-056a-42a2-8998-c6748b92185a,"=""089235278506788995""","=""35303911679783""",555-295-4621,"$50 Unlimited Data, Talk & Text + 40GB of 5G/4G Data Each Line for up to 5 Lines (TI)",Virgin,RNWBT1264BK1,1,07/26/2023,20.00%,$11.40,08/27/2023,33.0,20.00%,$6.00,,,,,,,,,,,,,,,,,,,$17.40,
Active,,0013000000HnF9fAAF,451250,605373,07/15/2023,b7b03e33-2cc1-40be-b281-0787aa721f80,"=""089464947401520498""","=""35534482173372""",555-759-2755,"$50 Unlimited Data, Talk & Text + 40GB of 5G/4G Data Each Line for up to 5 Lines (TI)",Virgin,MOXT22715ANB,1,07/15/2023,20.00%,$11.40,08/16/2023,32.0,20.00%,$7.40,,,,,,,,,,,,,,,,,,,$18.80,
Active,,0013000000HnF9fAAF,451250,605373,07/06/2023,b7d83785-3f20-443e-bb4e-0fce76a391f0,"=""089464947401511488""","=""35534482171040""",555-834-1065,"$50 Unlimited Data, Talk & Text + 40GB of 5G/4G Data Each Line for up to 5 Lines (TI)",Virgin,MOXT22715ANB,1,07/07/2023,20.00%,$11.40,08/07/2023,32.0,20.00%,$11.40,,,,,,,,,,,,,,,,,,,$22.80,
Active,,0013000000HnF9fAAF,451250,605373,07/14/2023,ba3f088f-708f-4641-bd57-49a47fda245b,"=""089464947401509664""","=""35534482170920""",555-484-9381,"$50 Unlimited Data, Talk & Text + 40GB of 5G/4G Data Each Line for up to 5 Lines (TI)",Virgin,MOXT22715ANB,1,07/15/2023,20.00%,$11.40,08/16/2023,33.0,20.00%,$11.40,,,,,,,,,,,,,,,,,,,$22.80,
Active,,0013000000HnF9fAAF,451250,605373,07/15/2023,c3dcab69-62f1-4bd3-a046-e7bd0ecc8353,"=""089871342604485159""","=""35914752447027""",555-312-2291,"$50 Unlimited Data, Talk & Text + 40GB of 5G/4G Data Each Line for up to 5 Lines (TI)",Virgin,SPHA236UANB,1,07/16/2023,20.00%,$7.40,08/01/2023,17.0,20.00%,$7.40,09/01/2023,20.00%,$6.00,,,,,,,,,,,,,,,,$20.80,
Active,,0013000000HnF9fAAF,451250,605373,07/05/2023,c408121f-e75f-427e-ad8e-ed558378ed09,"=""089490411501192487""","=""35572733123227""",555-276-7211,"$50 Unlimited Data, Talk & Text + 40GB of 5G/4G Data Each Line for up to 5 Lines (TI)",Virgin,RNWBT1264BU1,1,07/06/2023,20.00%,$11.40,08/06/2023,32.0,20.00%,$7.40,,,,,,,,,,,,,,,,,,,$18.80,
Active,,0013000000HnF9fAAF,451250,605373,07/16/2023,c7da1bae-19a2-4f46-a282-8a2bcccfbf0b,"=""089464947401521216""","=""35534482173640""",555-749-7984,"$50 Unlimited Data, Talk & Text + 40GB of 5G/4G Data Each Line for up to 5 Lines (TI)",Virgin,MOXT22715ANB,1,07/16/2023,20.00%,$11.40,08/18/2023,33.0,20.00%,$7.40,,,,,,,,,,,,,,,,,,,$18.80,
Active,,0013000000HnF9fAAF,451250,605373,07/24/2023,c999dda6-87aa-4bd0-8ae9-7d7ed6746386,"=""089060365007835732""","=""35158882779054""",555-824-3201,"$50 Unlimited Data, Talk & Text + 40GB of 5G/4G Data Each Line for up to 5 Lines (TI)",Virgin,RNWBT1264GN1,1,07/25/2023,20.00%,$11.40,08/26/2023,33.0,20.00%,$6.00,,,,,,,,,,,,,,,,,,,$17.40,
Active,,0013000000HnF9fAAF,451250,605373,07/21/2023,cd377121-2246-4621-ac3b-a3353c1751cf,"=""089032869600209475""","=""35115678033243""",555-355-5266,"$50 Unlimited Data, Talk & Text + 40GB of 5G/4G Data Each Line for up to 5 Lines (TI)",Virgin,RNWBT1264GN1,1,07/22/2023,20.00%,$11.40,08/22/2023,32.0,20.00%,$7.40,,,,,,,,,,,,,,,,,,,$18.80,
Active,,0013000000HnF9fAAF,451250,605373,07/05/2023,d01b6564-48cf-4fcd-8f10-156625a84a7a,"=""089034014602196888""","=""35118332218598""",555-706-7766,"$50 Unlimited Data, Talk & Text + 40GB of 5G/4G Data Each Line for up to 5 Lines (TI)",Virgin,RNWBT1264RD1,1,07/06/2023,20.00%,$11.40,08/06/2023,32.0,20.00%,$11.40,,,,,,,,,,,,,,,,,,,$22.80,
Active,,0013000000HnF9fAAF,451250,605373,07/10/2023,d3e19d6d-3b98-493f-9005-5890130e1f30,"=""089052576402655584""","=""35145844288560""",555-557-5673,"$50 Unlimited Data, Talk & Text + 40GB of 5G/4G Data Each Line for up to 5 Lines (TI)",Virgin,194252096734,1,07/10/2023,20.00%,$7.40,08/11/2023,32.0,20.00%,$10.00,,,,,,,,,,,,,,,,,,,$17.40,
Active,,0013000000HnF9fAAF,451250,605373,07/07/2023,d6efb6e9-c212-4e41-be82-1a600f19db32,"=""089266829506391938""","=""35350987618882""",555-446-5874,"$50 Unlimited Data, Talk & Text + 40GB of 5G/4G Data Each Line for up to 5 Lines (TI)",Virgin,RNWBT1264BK1,1,07/08/2023,20.00%,$11.40,08/08/2023,32.0,20.00%,$11.40,,,,,,,,,,,,,,,,,,,$22.80,
Active,,0013000000HnF9fAAF,451250,605373,07/01/2023,d8d6e436-1556-477a-b78b-a5b0585e712c,"=""089379032002459024""","=""35462870258590""",555-500-9646,"$50 Unlimited Data, Talk & Text + 40GB of 5G/4G Data Each Line for up to 5 Lines (TI)",Virgin,194252096734,1,07/02/2023,20.00%,$11.40,08/02/2023,32.0,20.00%,$11.40,09/02/2023,20.00%,$10.00,,,,,,,,,,,,,,,,$32.80,
Active,,0013000000HnF9fAAF,451250,605373,07/21/2023,d9ba06b8-64d1-43bb-b419-93a0e2a039c2,"=""089235252901331781""","=""35303811145245""",555-209-2741,"$50 Unlimited Data, Talk & Text + 40GB of 5G/4G Data Each Line for up to 5 Lines (TI)",Virgin,RNWBT1264GN1,1,07/22/2023,20.00%,$11.40,08/22/2023,32.0,20.00%,$7.40,,,,,,,,,,,,,,,,,,,$18.80,
Active,,0013000000HnF9fAAF,451250,605373,07/06/2023,dcebf687-a09a-40eb-990d-59e607567884,"=""089165419902711576""","=""35259037296018""",555-796-7588,"$50 Unlimited Data, Talk & Text + 40GB of 5G/4G Data Each Line for up to 5 Lines (TI)",Virgin,RNWBT1264WT1,1,07/06/2023,20.00%,$11.40,08/07/2023,32.0,20.00%,$11.40,,,,,,,,,,,,,,,,,,,$22.80,
Active,,0013000000HnF9fAAF,451250,605373,07/14/2023,dd506c27-3018-4f8a-b907-81d303a00a22,"=""089464947401509513""","=""35534482170889""",555-238-7355,"$50 Unlimited Data, Talk & Text + 40GB of 5G/4G Data Each Line for up to 5 Lines (TI)",Virgin,MOXT22715ANB,1,07/15/2023,20.00%,$7.40,08/16/2023,33.0,20.00%,$7.40,,,,,,,,,,,,,,,,,,,$14.80,
Active,,0013000000HnF9fAAF,451250,605373,07/09/2023,de1254ce-a4e4-4bad-a696-2b6e38c35740,"=""089464947401393523""","=""35534482154373""",555-713-2771,"$50 Unlimited Data, Talk & Text + 40GB of 5G/4G Data Each Line for up to 5 Lines (TI)",Virgin,MOXT22715ANB,1,07/09/2023,20.00%,$11.40,08/10/2023,32.0,20.00%,$7.40,,,,,,,,,,,,,,,,,,,$18.80,
Active,,0013000000HnF9fAAF,451250,605373,07/19/2023,dff02750-0857-40af-9642-d300fc819034,"=""089871342605343510""","=""35914752518916""",555-134-4767,"$50 Unlimited Data, Talk & Text + 40GB of 5G/4G Data Each Line for up to 5 Lines (TI)",Virgin,SPHA236UANB,1,07/19/2023,20.00%,$11.40,08/19/2023,31.0,20.00%,$11.40,,,,,,,,,,,,,,,,,,,$22.80,
Active,,0013000000HnF9fAAF,451250,605373,07/08/2023,dffce028-670d-4e84-ae2a-24ac94090647,"=""089464947401512055""","=""35534482171277""",555-606-1481,"$50 Unlimited Data, Talk & Text + 40GB of 5G/4G Data Each Line for up to 5 Lines (TI)",Virgin,MOXT22715ANB,1,07/09/2023,20.00%,$11.40,08/09/2023,32.0,20.00%,$7.40,,,,,,,,,,,,,,,,,,,$18.80,
Active,,0013000000HnF9fAAF,451250,605373,07/19/2023,e0a08093-5eab-492a-958a-a60043896721,"=""089032869606890534""","=""35115678692426""",555-244-3173,"$50 Unlimited Data, Talk & Text + 40GB of 5G/4G Data Each Line for up to 5 Lines (TI)",Virgin,RNWBT1264BU1,1,07/19/2023,20.00%,$11.40,08/21/2023,33.0,20.00%,$7.40,,,,,,,,,,,,,,,,,,,$18.80,
Active,,0013000000HnF9fAAF,451250,605373,07/09/2023,e2a6aed7-05f8-4d8d-bfb7-33a53c1a0530,"=""089464947401393280""","=""35534482154280""",555-103-2648,"$50 Unlimited Data, Talk & Text + 40GB of 5G/4G Data Each Line for up to 5 Lines (TI)",Virgin,MOXT22715ANB,1,07/09/2023,20.00%,$11.40,08/10/2023,32.0,20.00%,$11.40,,,,,,,,,,,,,,,,,,,$22.80,
Active,,0013000000HnF9fAAF,451250,605373,07/05/2023,e2b0bee5-9698-49cd-b041-9d9091851ad3,"=""089162221000271650""","=""35251342042522""",555-689-8396,"$50 Unlimited Data, Talk & Text + 40GB of 5G/4G Data Each Line for up to 5 Lines (TI)",Virgin,RNWBT1264GN1,1,07/06/2023,20.00%,$11.40,08/06/2023,32.0,20.00%,$7.40,,,,,,,,,,,,,,,,,,,$18.80,
Active,,0013000000HnF9fAAF,451250,605373,07/26/2023,e7a4d7e2-d3b0-4699-a723-8b0f4bc7b5e6,"=""088940595405780324""","=""35034202583364""",555-396-2955,"$50 Unlimited Data, Talk & Text + 40GB of 5G/4G Data Each Line for up to 5 Lines (TI)",Virgin,RNWBT1264GN1,1,07/26/2023,20.00%,$7.40,08/27/2023,32.0,20.00%,$6.00,,,,,,,,,,,,,,,,,,,$13.40,
Active,,0013000000HnF9fAAF,451250,605373,07/09/2023,e9a8cb14-3ec7-40b2-93b6-5da25bb520ad,"=""089464947401512021""","=""35534482171255""",555-552-7360,"$50 Unlimited Data, Talk & Text + 40GB of 5G/4G Data Each Line for up to 5 Lines (TI)",Virgin,MOXT22715ANB,1,07/09/2023,20.00%,$11.40,08/10/2023,32.0,20.00%,$7.40,,,,,,,,,,,,,,,,,,,$18.80,
Active,,0013000000HnF9fAAF,451250,605373,07/02/2023,1ab81f21-dd01-4c81-a6e8-dc517c06c48f,"=""089249052005796953""","=""35325318587459""",555-924-3411,"$50 Unlimited Data, Talk & Text + 40GB of 5G/4G Data Each Line for up to 5 Lines (TI)",Virgin,RNWNB1264PP1,1,07/03/2023,20.00%,$10.00,08/06/2023,35.0,20.00%,$6.00,,,,,,,,,,,,,,,,,,,$16.00,
Active,,0013000000HnF9fAAF,451250,605373,07/27/2023,1faf9d84-dfb5-4e69-aec7-5f9c195890cc,"=""088973136201381715""","=""35083922151553""",555-713-5737,"$50 Unlimited Data, Talk & Text + 40GB of 5G/4G Data Each Line for up to 5 Lines (TI)",Virgin,RNWBT1264WT1,1,07/27/2023,20.00%,$7.40,08/27/2023,31.0,20.00%,$6.00,,,,,,,,,,,,,,,,,,,$13.40,
Active,,0013000000HnF9fAAF,451250,605373,07/16/2023,20b4620e-1b74-4d09-97c7-6c9563ddf936,"=""089464947401521241""","=""35534482173659""",555-624-3050,"$50 Unlimited Data, Talk & Text + 40GB of 5G/4G Data Each Line for up to 5 Lines (TI)",Virgin,MOXT22715ANB,1,07/16/2023,20.00%,$11.40,08/18/2023,33.0,20.00%,$11.40,,,,,,,,,,,,,,,,,,,$22.80,
Active,,0013000000HnF9fAAF,451250,605373,07/02/2023,21560a18-1d78-4490-b30c-ccc01bd35549,"=""089682005002721109""","=""35746352298555""",555-971-4171,"$50 Unlimited Data, Talk & Text + 40GB of 5G/4G Data Each Line for up to 5 Lines (TI)",Virgin,RNWBT1264BU1,1,07/03/2023,20.00%,$10.00,08/06/2023,35.0,20.00%,$10.00,,,,,,,,,,,,,,,,,,,$20.00,
Active,,0013000000HnF9fAAF,451250,605373,07/06/2023,21de849c-7a7c-44b2-9179-12e2318b1beb,"=""089235534502127257""","=""35304311207599""",555-282-6257,"$50 Unlimited Data, Talk & Text + 40GB of 5G/4G Data Each Line for up to 5 Lines (TI)",Virgin,RNWBT1264GN1,1,07/06/2023,20.00%,$11.40,08/07/2023,32.0,20.00%,$11.40,,,,,,,,,,,,,,,,,,,$22.80,
Active,,0013000000HnF9fAAF,451250,605373,07/15/2023,2244fc96-27e4-458b-a89b-4a6fd5c05554,"=""089464947401517138""","=""35534482172652""",555-826-2384,"$50 Unlimited Data, Talk & Text + 40GB of 5G/4G Data Each Line for up to 5 Lines (TI)",Virgin,MOXT22715ANB,1,07/15/2023,20.00%,$11.40,08/16/2023,32.0,20.00%,$11.40,,,,,,,,,,,,,,,,,,,$22.80,
Active,,0013000000HnF9fAAF,451250,605373,07/08/2023,22514577-2a91-4e49-b436-0ced52844e33,"=""089464947401512020""","=""35534482171254""",555-321-2097,"$50 Unlimited Data, Talk & Text + 40GB of 5G/4G Data Each Line for up to 5 Lines (TI)",Virgin,MOXT22715ANB,1,07/09/2023,20.00%,$7.40,08/09/2023,32.0,20.00%,$11.40,,,,,,,,,,,,,,,,,,,$18.80,
Active,,0013000000HnF9fAAF,451250,605373,07/09/2023,236d0d4c-9f66-4930-86bc-ec1a99b7b3d0,"=""089464947401512019""","=""35534482171253""",555-885-7938,"$50 Unlimited Data, Talk & Text + 40GB of 5G/4G Data Each Line for up to 5 Lines (TI)",Virgin,MOXT22715ANB,1,07/09/2023,20.00%,$11.40,08/10/2023,32.0,20.00%,$11.40,,,,,,,,,,,,,,,,,,,$22.80,
Active,,0013000000HnF9fAAF,451250,605373,07/27/2023,2500796d-41b9-421a-990e-f739e5400d16,"=""088929664403762311""","=""35019704396887""",555-264-3092,"$50 Unlimited Data, Talk & Text + 40GB of 5G/4G Data Each Line for up to 5 Lines (TI)",Virgin,RNWBT1264GN1,1,07/27/2023,20.00%,$7.40,08/27/2023,31.0,20.00%,$6.00,,,,,,,,,,,,,,,,,,,$13.40,
Active,,0013000000HnF9fAAF,451250,605373,07/14/2023,145f035b-6bb5-4f41-aa95-d5ebafd2f215,"=""089464947401509520""","=""35534482170890""",555-813-6481,"$50 Unlimited Data, Talk & Text + 40GB of 5G/4G Data Each Line for up to 5 Lines (TI)",Virgin,MOXT22715ANB,1,07/15/2023,20.00%,$11.40,08/16/2023,33.0,20.00%,$11.40,,,,,,,,,,,,,,,,,,,$22.80,
Active,,0013000000HnF9fAAF,451250,605373,07/08/2023,159d44b7-0ac9-462b-9672-5f3115723948,"=""089464947401511574""","=""35534482171096""",555-880-1432,"$50 Unlimited Data, Talk & Text + 40GB of 5G/4G Data Each Line for up to 5 Lines (TI)",Virgin,MOXT22715ANB,1,07/09/2023,20.00%,$11.40,08/09/2023,32.0,20.00%,$7.40,,,,,,,,,,,,,,,,,,,$18.80,
Active,,0013000000HnF9fAAF,451250,605373,07/02/2023,181dea7b-c8bf-4504-852c-4c5d60b8a458,"=""089032869605539730""","=""35115678548792""",555-587-2022,"$50 Unlimited Data, Talk & Text + 40GB of 5G/4G Data Each Line for up to 5 Lines (TI)",Virgin,RNWBT1264BK1,1,07/03/2023,20.00%,$10.00,08/06/2023,35.0,20.00%,$10.00,,,,,,,,,,,,,,,,,,,$20.00,
Active,,0013000000HnF9fAAF,451250,605373,07/04/2023,29327f4e-cd34-4491-8b44-3ead3e9766a5,"=""088933816300528901""","=""35023933081205""",555-185-7353,"$50 Unlimited Data, Talk & Text + 40GB of 5G/4G Data Each Line for up to 5 Lines (TI)",Virgin,SPHA037UAN1,1,07/04/2023,20.00%,$11.00,08/04/2023,31.0,20.00%,$11.00,09/04/2023,20.00%,$11.00,,,,,,,,,,,,,,,,$33.00,
Active,,0013000000HnF9fAAF,451250,605373,07/15/2023,317445b8-d85c-451f-8a97-59aa78b6837c,"=""089464947401520512""","=""35534482173380""",555-633-8333,"$50 Unlimited Data, Talk & Text + 40GB of 5G/4G Data Each Line for up to 5 Lines (TI)",Virgin,MOXT22715ANB,1,07/15/2023,20.00%,$11.40,08/16/2023,32.0,20.00%,$7.40,,,,,,,,,,,,,,,,,,,$18.80,
Active,,0013000000HnF9fAAF,451250,605373,07/07/2023,31897f43-3753-4518-b187-c1b25bf1f3ac,"=""089682005006387269""","=""35746352617645""",555-801-2216,"$50 Unlimited Data, Talk & Text + 40GB of 5G/4G Data Each Line for up to 5 Lines (TI)",Virgin,RNWBT1264BU1,1,07/08/2023,20.00%,$11.40,08/08/2023,32.0,20.00%,$7.40,,,,,,,,,,,,,,,,,,,$18.80,
Active,,0013000000HnF9fAAF,451250,605373,07/26/2023,3257f58c-5277-45d2-8afd-d903276d0fb8,"=""089235457700596297""","=""35304011091949""",555-106-2059,"$50 Unlimited Data, Talk & Text + 40GB of 5G/4G Data Each Line for up to 5 Lines (TI)",Virgin,RNWBT1264BK1,1,07/26/2023,20.00%,$7.40,08/27/2023,32.0,20.00%,$6.00,,,,,,,,,,,,,,,,,,,$13.40,
Active,,0013000000HnF9fAAF,451250,605373,07/02/2023,32d053d5-92b5-47c4-b52c-8ad6d5dabc62,"=""089916315508593429""","=""35982413832015""",555-674-9004,"$50 Unlimited Data, Talk & Text + 40GB of 5G/4G Data Each Line for up to 5 Lines (TI)",Virgin,RNWNB1264PP1,1,07/03/2023,20.00%,$10.00,08/06/2023,35.0,20.00%,$6.00,,,,,,,,,,,,,,,,,,,$16.00,
Active,,0013000000HnF9fAAF,451250,605373,07/25/2023,3379632f-ff30-4aa0-b182-bbe2b8613160,"=""089773497800210273""","=""35825942033561""",555-197-6784,"$50 Unlimited Data, Talk & Text + 40GB of 5G/4G Data Each Line for up to 5 Lines (TI)",Virgin,RNWBT1264GN1,1,07/26/2023,20.00%,$11.40,08/27/2023,33.0,20.00%,$10.00,,,,,,,,,,,,,,,,,,,$21.40,
Active,,0013000000HnF9fAAF,451250,605373,07/21/2023,689a4510-aeed-40e4-b48f-e4405491bbc7,"=""089682005003184902""","=""35746352309906""",555-818-4464,"$50 Unlimited Data, Talk & Text + 40GB of 5G/4G Data Each Line for up to 5 Lines (TI)",Virgin,RNWBT1264WT1,1,07/22/2023,20.00%,$11.40,08/22/2023,32.0,20.00%,$11.40,,,,,,,,,,,,,,,,,,,$22.80,
Active,,0013000000HnF9fAAF,451250,605373,07/07/2023,6a4eace3-ea59-4f48-8043-6b5dc4f14191,"=""088929664405650274""","=""35019704563762""",555-138-3991,"$50 Unlimited Data, Talk & Text + 40GB of 5G/4G Data Each Line for up to 5 Lines (TI)",Virgin,RNWBT1264BK1,1,07/08/2023,20.00%,$11.40,08/08/2023,32.0,20.00%,$7.40,,,,,,,,,,,,,,,,,,,$18.80,
Active,,0013000000HnF9fAAF,451250,605373,07/17/2023,0ad6b6e6-771d-48b4-8f5b-0e71dec9d119,"=""089871342604486201""","=""35914752447439""",555-509-4947,"$50 Unlimited Data, Talk & Text + 40GB of 5G/4G Data Each Line for up to 5 Lines (TI)",Virgin,SPHA236UANB,1,07/17/2023,20.00%,$12.40,08/18/2023,32.0,20.00%,$12.40,,,,,,,,,,,,,,,,,,,$24.80,
Active,,0013000000HnF9fAAF,451250,605373,07/09/2023,0f139e6b-337b-4b8f-9bcd-fb78a844918c,"=""089464947401512056""","=""35534482171278""",555-393-3784,"$50 Unlimited Data, Talk & Text + 40GB of 5G/4G Data Each Line for up to 5 Lines (TI)",Virgin,MOXT22715ANB,1,07/09/2023,20.00%,$11.40,08/10/2023,32.0,20.00%,$11.40,,,,,,,,,,,,,,,,,,,$22.80,
Active,,0013000000HnF9fAAF,451250,605373,07/04/2023,393066c2-04bc-47e9-8e9d-f9ac8a4db8d7,"=""089032869607866449""","=""35115678780851""",555-584-1205,"$50 Unlimited Data, Talk & Text + 40GB of 5G/4G Data Each Line for up to 5 Lines (TI)",Virgin,RNWBT1264WT1,1,07/05/2023,20.00%,$11.40,08/06/2023,33.0,20.00%,$11.40,,,,,,,,,,,,,,,,,,,$22.80,
Active,,0013000000HnF9fAAF,451250,605373,07/24/2023,3e820d9b-fe73-42e8-824e-705bb84e8cd4,"=""089549808203572233""","=""35603762368209""",555-121-8792,"$50 Unlimited Data, Talk & Text + 40GB of 5G/4G Data Each Line for up to 5 Lines (TI)",Virgin,MOXT22133ANB,1,07/24/2023,20.00%,$12.40,08/24/2023,31.0,20.00%,$11.00,,,,,,,,,,,,,,,,,,,$23.40,
Active,,0013000000HnF9fAAF,451250,605373,07/28/2023,401bbbab-7d28-41f7-aec7-4164be7ac8b7,"=""089052576402724641""","=""35145844299321""",555-820-9554,"$50 Unlimited Data, Talk & Text + 40GB of 5G/4G Data Each Line for up to 5 Lines (TI)",Virgin,194252096710,1,07/29/2023,20.00%,$11.40,08/29/2023,32.0,20.00%,$10.00,,,,,,,,,,,,,,,,,,,$21.40,
Active,,0013000000HnF9fAAF,451250,605373,07/07/2023,4b3171ce-51c2-4ad3-9e10-d5bef143b40d,"=""089249052001144870""","=""35325318117826""",555-461-7597,"$50 Unlimited Data, Talk & Text + 40GB of 5G/4G Data Each Line for up to 5 Lines (TI)",Virgin,RNWBT1264RD1,1,07/08/2023,20.00%,$11.40,08/08/2023,32.0,20.00%,$11.40,,,,,,,,,,,,,,,,,,,$22.80,
Active,,0013000000HnF9fAAF,451250,605373,07/06/2023,4ba2651e-90b3-41eb-be7d-a24b21ed280d,"=""089464947401512022""","=""35534482171256""",555-845-9160,"$50 Unlimited Data, Talk & Text + 40GB of 5G/4G Data Each Line for up to 5 Lines (TI)",Virgin,MOXT22715ANB,1,07/07/2023,20.00%,$11.40,08/07/2023,32.0,20.00%,$11.40,,,,,,,,,,,,,,,,,,,$22.80,
Active,,0013000000HnF9fAAF,451250,605373,07/19/2023,4cd6e62f-855b-4538-8cba-5a0aa5a5670d,"=""089266674101393780""","=""35350375154474""",555-492-2536,"$50 Unlimited Data, Talk & Text + 40GB of 5G/4G Data Each Line for up to 5 Lines (TI)",Virgin,RNWBT1264BU1,1,07/19/2023,20.00%,$11.40,08/21/2023,33.0,20.00%,$7.40,,,,,,,,,,,,,,,,,,,$18.80,
Deactivated,09/06/2023,0013000000HnF9fAAF,451250,605373,07/06/2023,4ed35eb3-6e11-4049-b82f-6c663978a343,"=""089496604903680391""","=""35581921382887""",555-848-5447,"$50 Unlimited Data, Talk & Text + 40GB of 5G/4G Data Each Line for up to 5 Lines (TI)",Virgin,SPHA037UAN1,1,07/06/2023,20.00%,$11.40,,,,,,,,,,,,,,,,,,,,,,,$11.40,
Active,,0013000000HnF9fAAF,451250,605373,07/08/2023,4f54182a-19e6-4bc2-99d1-8235662f700c,"=""089282795503167554""","=""35377933305542""",555-170-9052,"$50 Unlimited Data, Talk & Text + 40GB of 5G/4G Data Each Line for up to 5 Lines (TI)",Virgin,RNWBT1264BU1,1,07/08/2023,20.00%,$7.40,08/09/2023,32.0,20.00%,$11.40,09/09/2023,20.00%,$10.00,,,,,,,,,,,,,,,,$28.80,
Active,,0013000000HnF9fAAF,451250,605373,07/21/2023,510a5a9f-ef8e-4e18-a56c-105617b27808,"=""089282795502431110""","=""35377933251886""",555-962-1688,"$50 Unlimited Data, Talk & Text + 40GB of 5G/4G Data Each Line for up to 5 Lines (TI)",Virgin,RNWBT1264BK1,1,07/22/2023,20.00%,$11.40,08/22/2023,32.0,20.00%,$7.40,,,,,,,,,,,,,,,,,,,$18.80,
Active,,0013000000HnF9fAAF,451250,605373,07/08/2023,5564c814-5641-4a93-a627-9f1e6ce53bb4,"=""089496604903551840""","=""35581921363260""",555-817-4862,"$50 Unlimited Data, Talk & Text + 40GB of 5G/4G Data Each Line for up to 5 Lines (TI)",Virgin,SPHA037UAN1,1,07/09/2023,20.00%,$11.40,08/09/2023,32.0,20.00%,$12.40,09/09/2023,20.00%,$11.00,,,,,,,,,,,,,,,,$34.80,
Active,,0013000000HnF9fAAF,451250,605373,07/04/2023,572381d2-1327-47cc-9bb5-167214710c4a,"=""089073746500000004""","=""35179339000004""",555-347-5212,"$50 Unlimited Data, Talk & Text + 40GB of 5G/4G Data Each Line for up to 5 Lines (TI)",Virgin,RNWBT1264RD1,1,07/05/2023,20.00%,$11.40,08/06/2023,33.0,20.00%,$11.40,,,,,,,,,,,,,,,,,,,$22.80,
Active,,0013000000HnF9fAAF,451250,605373,07/05/2023,58e66ce2-ffca-47d2-a296-72ceb536114e,"=""089255181603302691""","=""35334288326523""",555-995-9375,"$50 Unlimited Data, Talk & Text + 40GB of 5G/4G Data Each Line for up to 5 Lines (TI)",Virgin,RNWBT1264BK1,1,07/06/2023,20.00%,$11.40,08/06/2023,32.0,20.00%,$11.40,,,,,,,,,,,,,,,,,,,$22.80,
Active,,0013000000HnF9fAAF,451250,605373,07/26/2023,5c20736d-6870-4304-a52c-c18705a3b339,"=""089686122306574453""","=""35750427645175""",555-189-1399,"$50 Unlimited Data, Talk & Text + 40GB of 5G/4G Data Each Line for up to 5 Lines (TI)",Virgin,RNWBT1264BK1,1,07/26/2023,20.00%,$7.40,08/27/2023,32.0,20.00%,$6.00,,,,,,,,,,,,,,,,,,,$13.40,
Active,,0013000000HnF9fAAF,451250,605373,07/19/2023,5d8b985c-209e-44eb-a204-c5832cb5e01f,"=""089266829502659447""","=""35350987289477""",555-175-1451,"$50 Unlimited Data, Talk & Text + 40GB of 5G/4G Data Each Line for up to 5 Lines (TI)",Virgin,RNWBT1264BK1,1,07/19/2023,20.00%,$11.40,08/21/2023,33.0,20.00%,$11.40,,,,,,,,,,,,,,,,,,,$22.80,
Active,,0013000000HnF9fAAF,451250,605373,07/14/2023,631c4e83-8bec-4193-9fa8-e9003e066a18,"=""089464947401509665""","=""35534482170921""",555-611-5941,"$50 Unlimited Data, Talk & Text + 40GB of 5G/4G Data Each Line for up to 5 Lines (TI)",Virgin,MOXT22715ANB,1,07/15/2023,20.00%,$11.40,08/16/2023,33.0,20.00%,$11.40,,,,,,,,,,,,,,,,,,,$22.80,
Active,,0013000000HnF9fAAF,451250,605373,07/25/2023,70d11a37-be1b-4099-8260-d2a8e8cccecb,"=""089490411502650985""","=""35572733287369""",555-633-8733,"$50 Unlimited Data, Talk & Text + 40GB of 5G/4G Data Each Line for up to 5 Lines (TI)",Virgin,RNWBT1264WT1,1,07/26/2023,20.00%,$11.40,08/27/2023,33.0,20.00%,$10.00,,,,,,,,,,,,,,,,,,,$21.40,
Active,,0013000000HnF9fAAF,451250,605373,07/08/2023,722a2615-c5e7-4f6e-9b51-1f71a0efb060,"=""089052576402258464""","=""35145844227620""",555-660-6934,"$50 Unlimited Data, Talk & Text + 40GB of 5G/4G Data Each Line for up to 5 Lines (TI)",Virgin,194252096710,1,07/08/2023,20.00%,$11.40,08/09/2023,32.0,20.00%,$11.40,09/09/2023,20.00%,$6.00,,,,,,,,,,,,,,,,$28.80,
Active,,0013000000HnF9fAAF,451250,605373,07/26/2023,729a3003-b3b5-4596-abb2-c5a7d13cc3cf,"=""089165419903740503""","=""35259037391357""",555-531-2587,"$50 Unlimited Data, Talk & Text + 40GB of 5G/4G Data Each Line for up to 5 Lines (TI)",Virgin,RNWBT1264WT1,1,07/27/2023,20.00%,$7.40,08/27/2023,32.0,20.00%,$6.00,,,,,,,,,,,,,,,,,,,$13.40,
Active,,0013000000HnF9fAAF,451250,605373,07/21/2023,75f497e9-a474-4263-8a07-f4615c3d3b9e,"=""089699695205449497""","=""35771658532719""",555-845-5335,"$50 Unlimited Data, Talk & Text + 40GB of 5G/4G Data Each Line for up to 5 Lines (TI)",Virgin,194252028698,1,07/21/2023,20.00%,$11.40,08/21/2023,31.0,20.00%,$11.40,,,,,,,,,,,,,,,,,,,$22.80,
Active,,0013000000HnF9fAAF,451250,605373,07/24/2023,76df1396-bde1-48d7-8d2a-77eaf91e8b7f,"=""089280341509726296""","=""35371957946958""",555-401-2845,"$50 Unlimited Data, Talk & Text + 40GB of 5G/4G Data Each Line for up to 5 Lines (TI)",Virgin,RNWBT1264GN1,1,07/25/2023,20.00%,$11.40,08/26/2023,33.0,20.00%,$10.00,,,,,,,,,,,,,,,,,,,$21.40,
Active,,0013000000HnF9fAAF,451250,605373,07/25/2023,797721ed-1987-4b4c-91c7-ac9c7c28dc64,"=""089464947401520456""","=""35534482173348""",555-308-5930,"$50 Unlimited Data, Talk & Text + 40GB of 5G/4G Data Each Line for up to 5 Lines (TI)",Virgin,MOXT22715ANB,1,07/26/2023,20.00%,$11.40,08/26/2023,32.0,20.00%,$10.00,,,,,,,,,,,,,,,,,,,$21.40,
Active,,0013000000HnF9fAAF,451250,605373,07/10/2023,7a9c4c3b-cc15-416a-a8cf-0d5125a2a3da,"=""089464947401656834""","=""35534482194802""",555-313-6083,"$50 Unlimited Data, Talk & Text + 40GB of 5G/4G Data Each Line for up to 5 Lines (TI)",Virgin,MOXT22715ANB,1,07/10/2023,20.00%,$12.40,08/11/2023,32.0,20.00%,$11.00,,,,,,,,,,,,,,,,,,,$23.40,
Active,,0013000000HnF9fAAF,451250,605373,07/06/2023,88fb3541-b742-4486-890c-ba46ec91e5d5,"=""089464947401511575""","=""35534482171097""",555-657-7466,"$50 Unlimited Data, Talk & Text + 40GB of 5G/4G Data Each Line for up to 5 Lines (TI)",Virgin,MOXT22715ANB,1,07/07/2023,20.00%,$11.40,08/07/2023,32.0,20.00%,$11.40,,,,,,,,,,,,,,,,,,,$22.80,
Active,,0013000000HnF9fAAF,451250,605373,07/04/2023,8931805e-ec41-4c7e-b0f9-3d4cc3a51076,"=""089682005000529041""","=""35746352081291""",555-474-3391,"$50 Unlimited Data, Talk & Text + 40GB of 5G/4G Data Each Line for up to 5 Lines (TI)",Virgin,RNWBT1264BU1,1,07/05/2023,20.00%,$11.40,08/06/2023,33.0,20.00%,$7.40,,,,,,,,,,,,,,,,,,,$18.80,
Active,,0013000000HnF9fAAF,451250,605373,07/08/2023,8a58efb9-30ca-4e00-927d-15b4a84e0f6d,"=""089379032002192696""","=""35462870217538""",555-295-7705,"$50 Unlimited Data, Talk & Text + 40GB of 5G/4G Data Each Line for up to 5 Lines (TI)",Virgin,194252096734,1,07/08/2023,20.00%,$11.40,08/09/2023,32.0,20.00%,$11.40,09/09/2023,20.00%,$6.00,,,,,,,,,,,,,,,,$28.80,
Active,,0013000000HnF9fAAF,451250,605373,07/04/2023,8ba234e1-9fff-4e36-988e-fc11bf2bf3b6,"=""089033280903700611""","=""35116689387783""",555-391-8054,"$50 Unlimited Data, Talk & Text + 40GB of 5G/4G Data Each Line for up to 5 Lines (TI)",Virgin,RNWBT1264BK1,1,07/05/2023,20.00%,$11.40,08/06/2023,33.0,20.00%,$7.40,,,,,,,,,,,,,,,,,,,$18.80,
Active,,0013000000HnF9fAAF,451250,605373,07/24/2023,7c36119f-d455-485c-921e-c337d95b23c6,"=""089485110707553925""","=""35565823734385""",555-891-6913,"$50 Unlimited Data, Talk & Text + 40GB of 5G/4G Data Each Line for up to 5 Lines (TI)",Virgin,RNWBT1264BK1,1,07/25/2023,20.00%,$11.40,08/26/2023,33.0,20.00%,$6.00,,,,,,,,,,,,,,,,,,,$17.40,
Active,,0013000000HnF9fAAF,451250,605373,07/14/2023,812e2b06-3271-4914-a9fb-f2e1eae68f6c,"=""089464947401509511""","=""35534482170887""",555-519-6341,"$50 Unlimited Data, Talk & Text + 40GB of 5G/4G Data Each Line for up to 5 Lines (TI)",Virgin,MOXT22715ANB,1,07/15/2023,20.00%,$11.40,08/16/2023,33.0,20.00%,$11.40,,,,,,,,,,,,,,,,,,,$22.80,
Active,,0013000000HnF9fAAF,451250,605373,07/06/2023,814bdd1c-59e2-447b-a72f-e85aeb778743,"=""089464947401512053""","=""35534482171275""",555-101-9417,"$50 Unlimited Data, Talk & Text + 40GB of 5G/4G Data Each Line for up to 5 Lines (TI)",Virgin,MOXT22715ANB,1,07/07/2023,20.00%,$7.40,08/07/2023,32.0,20.00%,$7.40,,,,,,,,,,,,,,,,,,,$14.80,
Active,,0013000000HnF9fAAF,451250,605373,07/03/2023,8292a9c0-51df-4841-ad26-ab18746bc5c8,"=""089549808203441793""","=""35603762348481""",555-767-8199,"$50 Unlimited Data, Talk & Text + 40GB of 5G/4G Data Each Line for up to 5 Lines (TI)",Virgin,MOXT22133ANB,1,07/04/2023,20.00%,$11.40,08/04/2023,32.0,20.00%,$10.00,09/04/2023,20.00%,$10.00,,,,,,,,,,,,,,,,$31.40,
Active,,0013000000HnF9fAAF,451250,605373,07/06/2023,00daf9a0-0fce-49df-bdfa-c6d9aaca409b,"=""089582184801138979""","=""35652818116123""",555-321-1023,"$50 Unlimited Data, Talk & Text + 40GB of 5G/4G Data Each Line for up to 5 Lines (TI)",Virgin,RNWBT1264BK1,1,07/06/2023,20.00%,$11.40,08/07/2023,32.0,20.00%,$11.40,,,,,,,,,,,,,,,,,,,$22.80,
Active,,0013000000HnF9fAAF,451250,605373,07/07/2023,855a915f-090f-4471-b322-c2eb534fe0e5,"=""089162221006881321""","=""35251342690029""",555-619-2585,"$50 Unlimited Data, Talk & Text + 40GB of 5G/4G Data Each Line for up to 5 Lines (TI)",Virgin,RNWBT1264BU1,1,07/08/2023,20.00%,$11.40,08/08/2023,32.0,20.00%,$11.40,,,,,,,,,,,,,,,,,,,$22.80,
Active,,0013000000HnF9fAAF,451250,605373,07/24/2023,8567e304-d665-4685-a51c-871ec480fda8,"=""089235457708460119""","=""35304011811757""",555-959-3327,"$50 Unlimited Data, Talk & Text + 40GB of 5G/4G Data Each Line for up to 5 Lines (TI)",Virgin,RNWBT1264GN1,1,07/25/2023,20.00%,$11.40,08/26/2023,33.0,20.00%,$6.00,,,,,,,,,,,,,,,,,,,$17.40,
Active,,0013000000HnF9fAAF,451250,605373,07/19/2023,91773ccd-757d-4c30-a94d-bc734576ad93,"=""089266829502381600""","=""35350987245720""",555-446-6463,"$50 Unlimited Data, Talk & Text + 40GB of 5G/4G Data Each Line for up to 5 Lines (TI)",Virgin,RNWBT1264BK1,1,07/19/2023,20.00%,$11.40,08/21/2023,33.0,20.00%,$7.40,,,,,,,,,,,,,,,,,,,$18.80,
Active,,0013000000HnF9fAAF,451250,605373,07/16/2023,94b3e450-70e8-4fc8-8a8f-dcf7ca5a4f33,"=""089464947401521209""","=""35534482173639""",555-677-2408,"$50 Unlimited Data, Talk & Text + 40GB of 5G/4G Data Each Line for up to 5 Lines (TI)",Virgin,MOXT22715ANB,1,07/16/2023,20.00%,$11.40,08/18/2023,33.0,20.00%,$11.40,,,,,,,,,,,,,,,,,,,$22.80,
Active,,0013000000HnF9fAAF,451250,605373,07/06/2023,9610673c-e3fd-43ef-bfdb-ffd870bfa67b,"=""089686122303407993""","=""35750427340079""",555-939-8302,"$50 Unlimited Data, Talk & Text + 40GB of 5G/4G Data Each Line for up to 5 Lines (TI)",Virgin,RNWBT1264BU1,1,07/06/2023,20.00%,$11.40,08/07/2023,32.0,20.00%,$11.40,,,,,,,,,,,,,,,,,,,$22.80,
Active,,0013000000HnF9fAAF,451250,605373,07/27/2023,974e2e4a-0426-4948-8410-1010c8330219,"=""089686122302229016""","=""35750427220318""",555-231-9870,"$50 Unlimited Data, Talk & Text + 40GB of 5G/4G Data Each Line for up to 5 Lines (TI)",Virgin,RNWBT1264GN1,1,07/27/2023,20.00%,$7.40,08/27/2023,31.0,20.00%,$6.00,,,,,,,,,,,,,,,,,,,$13.40,
Active,,0013000000HnF9fAAF,451250,605373,07/26/2023,9a2f218b-1465-4fb3-a102-dd413eb37e41,"=""089549808203571991""","=""35603762368117""",555-325-6950,"$50 Unlimited Data, Talk & Text + 40GB of 5G/4G Data Each Line for up to 5 Lines (TI)",Virgin,MOXT22133ANB,1,07/26/2023,20.00%,$12.40,08/26/2023,31.0,20.00%,$11.00,,,,,,,,,,,,,,,,,,,$23.40,
Active,,0013000000HnF9fAAF,451250,605373,07/02/2023,9f5e4273-44fb-44b1-bbb9-e4e47bf03a26,"=""089266674109673040""","=""35350375939950""",555-241-4089,"$50 Unlimited Data, Talk & Text + 40GB of 5G/4G Data Each Line for up to 5 Lines (TI)",Virgin,RNWBT1264WT1,1,07/03/2023,20.00%,$10.00,08/06/2023,35.0,20.00%,$10.00,,,,,,,,,,,,,,,,,,,$20.00,
Active,,0013000000HnF9fAAF,451250,605373,07/16/2023,9f8ee2e5-7436-4b2f-9f6f-da78fdea6cb8,"=""089464947401521218""","=""35534482173642""",555-774-6478,"$50 Unlimited Data, Talk & Text + 40GB of 5G/4G Data Each Line for up to 5 Lines (TI)",Virgin,MOXT22715ANB,1,07/16/2023,20.00%,$11.40,08/18/2023,33.0,20.00%,$11.40,,,,,,,,,,,,,,,,,,,$22.80,
Active,,0013000000HnF9fAAF,451250,605373,07/10/2023,a1057395-6d71-475d-b2bb-8ced84dc79be,"=""089464947401656425""","=""35534482194669""",555-645-5120,"$50 Unlimited Data, Talk & Text + 40GB of 5G/4G Data Each Line for up to 5 Lines (TI)",Virgin,MOXT22715ANB,1,07/10/2023,20.00%,$11.40,08/11/2023,32.0,20.00%,$10.00,,,,,,,,,,,,,,,,,,,$21.40,
Active,,0013000000HnF9fAAF,451250,605373,07/09/2023,a60a5f97-c389-4a26-97f8-15f7114c38eb,"=""089496604905333321""","=""35581921516149""",555-722-4838,"$50 Unlimited Data, Talk & Text + 40GB of 5G/4G Data Each Line for up to 5 Lines (TI)",Virgin,SPHA037UANB,1,07/09/2023,20.00%,$7.40,08/25/2023,47.0,20.00%,$6.00,,,,,,,,,,,,,,,,,,,$13.40,
Active,,0013000000HnF9fAAF,451250,605373,07/15/2023,a8a8f512-14a3-428e-87a7-aca5d83cb20f,"=""089464947401520503""","=""35534482173377""",555-886-2480,"$50 Unlimited Data, Talk & Text + 40GB of 5G/4G Data Each Line for up to 5 Lines (TI)",Virgin,MOXT22715ANB,1,07/15/2023,20.00%,$11.40,08/16/2023,32.0,20.00%,$11.40,,,,,,,,,,,,,,,,,,,$22.80,
Active,,0013000000HnF9fAAF,451250,605373,07/15/2023,ab8afe14-86ea-43c8-9991-b640a6ee8a94,"=""089464947401517140""","=""35534482172654""",555-884-6588,"$50 Unlimited Data, Talk & Text + 40GB of 5G/4G Data Each Line for up to 5 Lines (TI)",Virgin,MOXT22715ANB,1,07/15/2023,20.00%,$11.40,08/16/2023,32.0,20.00%,$11.40,,,,,,,,,,,,,,,,,,,$22.80,
Active,,0013000000HnF9fAAF,451250,605373,07/21/2023,abb37aed-f050-46ec-a5d6-49722a2dfcd0,"=""089034014609668226""","=""35118332938682""",555-139-4881,"$50 Unlimited Data, Talk & Text + 40GB of 5G/4G Data Each Line for up to 5 Lines (TI)",Virgin,RNWBT1264GN1,1,07/22/2023,20.00%,$11.40,08/22/2023,32.0,20.00%,$7.40,,,,,,,,,,,,,,,,,,,$18.80,
Active,,0013000000HnF9fAAF,451250,605373,07/25/2023,ac7c6a53-6fc5-4668-847d-e5bc9525d592,"=""088967719100225881""","=""35076587037259""",555-504-3511,"$50 Unlimited Data, Talk & Text + 40GB of 5G/4G Data Each Line for up to 5 Lines (TI)",Virgin,RNWBT1264WT1,1,07/25/2023,20.00%,$7.40,08/26/2023,32.0,20.00%,$6.00,,,,,,,,,,,,,,,,,,,$13.40,
Active,,0013000000HnF9fAAF,451250,605373,07/08/2023,ac82dd28-c544-44e6-84bb-19b4713e52af,"=""089464947401386264""","=""35534482152718""",555-503-6594,"$50 Unlimited Data, Talk & Text + 40GB of 5G/4G Data Each Line for up to 5 Lines (TI)",Virgin,MOXT22715ANB,1,07/09/2023,20.00%,$11.40,08/09/2023,32.0,20.00%,$11.40,,,,,,,,,,,,,,,,,,,$22.80,
Active,,0013000000HnF9fAAF,451250,605373,07/31/2023,832de03d-79b4-4b7f-b06f-cc40ba071024,"=""089052576402244694""","=""35145844224056""",555-831-5721,"$50 Unlimited Talk and Text w/ 35GB, $30 AAL",Virgin,194252096710,1,08/01/2023,20.00%,$7.40,,,,,,,,,,,,,,,,,,,,,,,$7.40,
Active,,0013000000HnF9fAAF,451250,605373,07/05/2023,7b4d87b6-e70f-4328-9c84-1fb4e3ecd10f,"=""089464947401512054""","=""35534482171276""",555-786-2964,"$50 Unlimited Talk and Text w/ 35GB, $30 AAL",Virgin,MOXT22715ANB,1,07/05/2023,20.00%,$7.40,08/15/2023,41.0,20.00%,$11.40,,,,,,,,,,,,,,,,,,,$18.80,
Active,,0013000000HnF9fAAF,451250,605373,07/22/2023,8c766bd6-79a3-4a5c-9dc4-5d540600ea41,"=""089464947401520407""","=""35534482173317""",555-257-9072,$60 Unlimited Plan,Virgin,MOXT22715ANB,1,07/23/2023,20.00%,$13.40,08/23/2023,32.0,20.00%,$8.00,,,,,,,,,,,,,,,,,,,$21.40,
Active,,0013000000HnF9fAAF,451250,605373,07/22/2023,25b3c360-62ac-42fc-80ff-0e05fc3b7287,"=""089464947401520450""","=""35534482173342""",555-444-8071,$60 Unlimited Plan,Virgin,MOXT22715ANB,1,07/23/2023,20.00%,$13.40,08/23/2023,32.0,20.00%,$8.00,,,,,,,,,,,,,,,,,,,$21.40,
